№,Назва товару,Категорія,Готівкова ціна
1,"Tongwei Solar (Tier 1)","Сонячні батареї","за запитом"
2,"TW Solar TWMNH-66HD575 Bifacial","Сонячні батареї","0,150 $/Вт (1 шт) / 0,146 $/Вт (опт)"
3,"TW Solar TWMNH-66HD625 Bifacial","Сонячні батареї","0,160 $/Вт (1 шт) / 0,155 $/Вт (опт)"
4,"TW Solar TWMNH-66HD630 Bifacial","Сонячні батареї","0,160 $/Вт (1 шт) / 0,155 $/Вт (опт)"
5,"Longi Solar (Tier 1)","Сонячні батареї","за запитом"
6,"Longi Solar LR5-54HIH-410M","Сонячні батареї","0,135 $/Вт (1 шт) / 0,130 $/Вт (опт)"
7,"Longi Solar LR5-54HTH-435M","Сонячні батареї","0,150 $/Вт (1 шт) / 0,145 $/Вт (опт)"
8,"Longi Solar LR5-66HIH-500M, 500Вт","Сонячні батареї","0,165 $/Вт (1 шт) / 0,160 $/Вт (опт)"
9,"Longi Solar LR8-48HGD-435M","Сонячні батареї","0,160 $/Вт (1 шт) / 0,155 $/Вт (опт)"
10,"Longi Solar LR7-54HTH-460M","Сонячні батареї","0,165 $/Вт (1 шт) / 0,160 $/Вт (опт)"
11,"LONGi Solar LR7-72HVH-640М","Сонячні батареї","0,170 $/Вт (1 шт) / 0,165 $/Вт (опт)"
12,"LONGi Solar LR7-72HVH-645М","Сонячні батареї","0,170 $/Вт (1 шт) / 0,165 $/Вт (опт)"
13,"Longi Solar LR5-72HGD-580M","Сонячні батареї","0,175 $/Вт (1 шт) / 0,170 $/Вт (опт)"
14,"Longi Solar LR5-72HTH-590M","Сонячні батареї","0,155 $/Вт (1 шт) / 0,150 $/Вт (опт)"
15,"Longi Solar LR8-66HGD-610M Bificial","Сонячні батареї","0,170 $/Вт (1 шт) / 0,165 $/Вт (опт)"
16,"Longi Solar LR8-66HGD-615M Bificial","Сонячні батареї","0,170 $/Вт (1 шт) / 0,165 $/Вт (опт)"
17,"Longi Solar LR8-66HGD-620M Bificial","Сонячні батареї","0,170 $/Вт (1 шт) / 0,165 $/Вт (опт)"
18,"Longi Solar LR7-72HTH-630M","Сонячні батареї","0,170 $/Вт (1 шт) / 0,165 $/Вт (опт)"
19,"LONGi Solar LR7-72HYD-650M Bificial","Сонячні батареї","0,175 $/Вт (1 шт) / 0,170 $/Вт (опт)"
20,"Trina solar, Tier 1","Сонячні батареї","за запитом"
21,"Trina Solar TSM-435NEG9RC.27","Сонячні батареї","0,145 $/Вт (1 шт) / 0,140 $/Вт (опт)"
22,"Trina Solar TSM-NE19R 615W (НОВИНКА!)","Сонячні батареї","0,165 $/Вт (1 шт) / 0,160 $/Вт (опт)"
23,"Trina Solar TSM-NE19R 620W (НОВИНКА!)","Сонячні батареї","0,165 $/Вт (1 шт) / 0,160 $/Вт (опт)"
24,"Trina Solar TSM-NE19R 625W (НОВИНКА!)","Сонячні батареї","0,165 $/Вт (1 шт) / 0,160 $/Вт (опт)"
25,"Jinko Solar, Tier 1","Сонячні батареї","за запитом"
26,"Jinko SolarJKM-435N-48HL4-B, 435 Вт","Сонячні батареї","0,175 $/Вт (1 шт) / 0,17 $/Вт (опт)"
27,"Jinko Solar JKM585N-72HL4V, 585Вт","Сонячні батареї","0,155 $/Вт (1 шт) / 0,15 $/Вт (опт)"
28,"JA Solar, Tier 1","Сонячні батареї","за запитом"
29,"Ja Solar JAM54D41-445/LB Bifacial","Сонячні батареї","0,165 $/Вт (1 шт) / 0,162 $/Вт (опт)"
30,"Ja Solar JAM54D41-445/LB Bifacial","Сонячні батареї","0,165 $/Вт (1 шт) / 0,162 $/Вт (опт)"
31,"Ja Solar JAM66D45-620/LB Bifacial","Сонячні батареї","0,160 $/Вт (1 шт) / 0,155 $/Вт (опт)"
32,"Ja Solar JAM54D41-455/LR","Сонячні батареї","0,160 $/Вт (1 шт) / 0,162 $/Вт з ПДВ (опт)"
33,"Suntech (Tier 1)","Сонячні батареї","за запитом"
34,"STP490S-I60-Nsfb+","Сонячні батареї","0,165 $/Вт (1 шт) / 0,160 $/Вт (опт)"
35,"STP625S-H66-Nsh+","Сонячні батареї","0,150 $/Вт (1 шт) / 0,145 $/Вт (опт)"
36,"TCL Solar (Tier 1)","Сонячні батареї","за запитом"
37,"TCL  Solar HSM-ND48-DR455 Bifacial","Сонячні батареї","0,170 $/Вт (1 шт) / 0,165 $/Вт (опт)"
38,"Axioma Energy 12V","Сонячні батареї","за запитом"
39,"AX-50P AXIOMA energy","Сонячні батареї","48 $ (гот)"
40,"AX-50M AXIOMA energy","Сонячні батареї","50 $ (гот)"
41,"AX-80P AXIOMA energy","Сонячні батареї","68 $ (гот)"
42,"AX-100P AXIOMA energy","Сонячні батареї","75 $ (гот)"
43,"AX-100M AXIOMA energy","Сонячні батареї","80 $ (гот)"
44,"AX-150M AXIOMA energy","Сонячні батареї","102 $ (гот)"
45,"AX-200M AXIOMA energy","Сонячні батареї","120 $ (гот)"
46,"Altek 12V","Сонячні батареї","за запитом"
47,"ALM-50M Altek","Сонячні батареї","52 $ (гот)"
48,"ALM-100M Altek","Сонячні батареї","70 $ (гот)"
49,"ALM-170M Altek","Сонячні батареї","108 $ (гот)"
50,"ALM-180M Altek","Сонячні батареї","128 $ (гот)"
51,"Deye, LV (низьковольтові)","Гібридні інвертори","за запитом"
52,"Deye SUN-5KSG03LP1-EU","Гібридні інвертори","750 $ (гот)"
53,"Deye SUN-6KSG05LP1-EU","Гібридні інвертори","750 $ (опт) / 910 $ (роздріб)"
54,"Deye SUN-8KSG05LP1-EU","Гібридні інвертори","1 080 $ (опт) / 1 300 $ (роздріб)"
55,"Deye SUN-10K-SG02LP1-EU","Гібридні інвертори","1 480 $ (опт) / 1 780 $ (роздріб)"
56,"Deye SUN-10KSG05LP3-EU  (НОВИНКА)","Гібридні інвертори","10"
57,"Deye SUN-12K-SG02 LP1-EU","Гібридні інвертори","1 520 $ (опт) / $1 840,00 (роздріб)"
58,"Deye SUN-12KSG05LP3-EU  (НОВИНКА)","Гібридні інвертори","1 580 $ (опт) / 1 940 $ (роздріб)"
59,"Deye SUN-12KSG04LP3-EU","Гібридні інвертори","12"
60,"Deye SUN-15K-SG05LP3-EU-SM2 (НОВИНКА)","Гібридні інвертори","1 800 $ (опт) / $2 260,00 (роздріб)"
61,"Deye SUN-16K-SG01LP1-EU (НОВИНКА)","Гібридні інвертори","1 850 $ (опт) / $2 380,00 (роздріб)"
62,"Deye SUN-20-SG05LP3-EU-SM2 (НОВИНКА)","Гібридні інвертори","2 400 $ (опт) / $2 900,00 (роздріб)"
63,"Deye, HV (високовольтові)","Гібридні інвертори","за запитом"
64,"Deye SUN-15K-SG01HP3-EU-АM2","Гібридні інвертори","15"
65,"Deye SUN-20K-SG01HP3-EU-АM2","Гібридні інвертори","20"
66,"Deye SUN-25K-SG01HP3-EU-AM2","Гібридні інвертори","1 960 $ (опт) / $2 360,00 (роздріб)"
67,"Deye SUN-30K-SG02HP3-EU-AM3 (НОВИНКА)","Гібридні інвертори","2 600 $ (опт) / $3 060,00 (роздріб)"
68,"Deye SUN-30K-SG01HP3-EU-BM3","Гібридні інвертори","30"
69,"Deye SUN-50K-SG01HP3-EU-BM4","Гібридні інвертори","4 050 $ (опт) / 4 900 $ (роздріб)"
70,"Deye SUN-60K-SG02HP3-EU-EM6","Гібридні інвертори","5 200 $ (опт) / $6 200,00 (роздріб)"
71,"Deye SUN-75K-SG02HP3-EU-EM6","Гібридні інвертори","75"
72,"Deye SUN-80K-SG01HP3-EU-BM6","Гібридні інвертори","5 500 $ (опт) / $6 600,00 (роздріб)"
73,"Deye SUN-100K-SG02HP3-EU-GM10 (НОВИНКА)","Гібридні інвертори","6 800 $ (опт) / 8 160 $ (роздріб)"
74,"Deye SUN-125K-SG02HP3-EU-GM10 (НОВИНКА)","Гібридні інвертори","7 100 $ (опт) / 8 520 $ (роздріб)"
75,"LuxPower Tec","Гібридні інвертори","за запитом"
76,"LuxPower SNA5000 WIDE PV, 5кВт","Гібридні інвертори","520 $ (гот)"
77,"LuxPower SNA6000 WIDE PV, 6кВт","Гібридні інвертори","570 $ (гот)"
78,"Huawei","Гібридні інвертори","за запитом"
79,"SUN2000-5KTL-L1","Гібридні інвертори","€600,00 (гот)"
80,"SUN2000-6KTL-L1","Гібридні інвертори","€750,00 (гот)"
81,"SUN 2000-10KTL-M1","Гібридні інвертори","€1 250,00 (гот)"
82,"Комплект - гібридний інвертор 6 кВт + АКБ 10кВт + Cиловий модуль + Система перемикання + Смарт мітер","Гібридні інвертори","€3 000,00 (гот)"
83,"SUN 2000-12К-МВО (13,2 kW) НОВИНКА","Гібридні інвертори","€2 142,00 (гот)"
84,"SUN 2000-15К-МВО (16,5 kW) НОВИНКА","Гібридні інвертори","€2 415,00 (гот)"
85,"SUN 2000-17К-МВО (18,7 kW) НОВИНКА","Гібридні інвертори","€2 470,00 (гот)"
86,"SUN 2000-20К-МВО (22 kW) НОВИНКА","Гібридні інвертори","€2 609,00 (гот)"
87,"SUN 2000-25К-МВО (27,5 kW) НОВИНКА","Гібридні інвертори","€2 670,00 (гот)"
88,"Battery module LUNA2000-5-E0","Гібридні інвертори","€2 115,00 (гот)"
89,"Power module LUNA2000-5KW-C0","Гібридні інвертори","€855,00 (гот)"
90,"Back up system 1-phase","Гібридні інвертори","€417,00 (гот)"
91,"Back up system 3-phase","Гібридні інвертори","€667,00 (гот)"
92,"LUNA2000 Wall Mounting Bracket","Гібридні інвертори","€78,00 (гот)"
93,"Solax Power","Гібридні інвертори","за запитом"
94,"PROSOLAX X1-HYBRID-5.0M","Гібридні інвертори","900 $ (гот)"
95,"PROSOLAX X1-HYBRID-6.0M","Гібридні інвертори","950 $ (гот)"
96,"PROSOLAX X1-HYBRID-7.50M","Гібридні інвертори","1 250 $ (гот)"
97,"PROSOLAX X3-HYBRID-10.0M/D","Гібридні інвертори","1 950 $ (гот)"
98,"PROSOLAX X3-HYBRID-12.0M/D","Гібридні інвертори","2 100 $ (гот)"
99,"PROSOLAX X3-HYBRID-15.0M/D","Гібридні інвертори","2 000 $ (гот)"
100,"PROSOLAX X1-Mate box","Гібридні інвертори","620 $ (гот)"
101,"PROSOLAX X3-Mate box","Гібридні інвертори","690 $ (гот)"
102,"Power Meter DDSU666","Гібридні інвертори","132 $ (гот)"
103,"Power Meter DTSU666-D-CT","Гібридні інвертори","190 $ (гот)"
104,"Multi X3-EPS BOX","Гібридні інвертори","2 079 $ (гот)"
105,"PARALLEL BMS BOX-II","Гібридні інвертори","1 172 $ (гот)"
106,"PROSOLAX Wi-Fi stick","Гібридні інвертори","38 $ (гот)"
107,"PROSOLAX Pocket Lan V2.0","Гібридні інвертори","38 $ (гот)"
108,"PROSOLAX Master Pack T-BAT H5.8","Гібридні інвертори","2 400 $ (гот)"
109,"PROSOLAX Slave Pack T-BAT HV11550","Гібридні інвертори","2 060 $ (гот)"
110,"PROSOLAX T-BAT H 3.0","Гібридні інвертори","1 087 $ (гот)"
111,"PROSOLAX BMS-МС0600","Гібридні інвертори","588 $ (гот)"
112,"Комплект: Інвертор + АКБ + Захист + конект бокс + мітер + моніторинг","Гібридні інвертори","1 600 $ (гот)"
113,"Комплект: Інвертор + АКБ + Захист + конект бокс + мітер + моніторинг","Гібридні інвертори","1 750 $ (гот)"
114,"Комплект: Інвертор + АКБ + Захист + конект бокс + мітер + моніторинг","Гібридні інвертори","1 900 $ (гот)"
115,"Комплект: Інвертор + АКБ + Захист + конект бокс + мітер + моніторинг","Гібридні інвертори","4 500 $ (гот)"
116,"Solis","Гібридні інвертори","за запитом"
117,"Solis RHI-3P10K-HVES-5G","Гібридні інвертори","990 $ (гот)"
118,"RHI-3P10K-48ES-5G + PYLONTECH Force-H2","Гібридні інвертори","3 900 $ (гот)"
119,"Інвертори Deye","Мережеві інвертори","за запитом"
120,"Deye SUN-10K-G04","Мережеві інвертори","650 $ (гот)"
121,"Deye SUN-15K-G04","Мережеві інвертори","690 $ (гот)"
122,"Deye SUN-20K-G04","Мережеві інвертори","850 $ (опт) / 1050 $ (роздріб)"
123,"Deye SUN-30K-G04","Мережеві інвертори","1 050 $ (опт) / 1250 $ (роздріб)"
124,"Deye SUN-50K-G04","Мережеві інвертори","1 690 $ (опт) / 1920 $ (роздріб)"
125,"Deye SUN-60K-G04","Мережеві інвертори","2 550 $ (опт) / 2800 $ (роздріб)"
126,"Deye SUN-100K-G04","Мережеві інвертори","2 600 $ (опт) / 3000 $ (роздріб)"
127,"Інвертори Huawei","Мережеві інвертори","за запитом"
128,"Однофазні гібридні інвертори Huawei","Мережеві інвертори","за запитом"
129,"Huawei SUN2000-5KTL-L1","Мережеві інвертори","€1 120,00 (гот)"
130,"Huawei SUN2000L-6KTL-L1","Мережеві інвертори","€1 180,00 (гот)"
131,"Трифазні гібридні інвертори Huawei","Мережеві інвертори","за запитом"
132,"Huawei SUN2000-5KTL-M0","Мережеві інвертори","---- (гот)"
133,"Huawei SUN2000-8KTL-M0","Мережеві інвертори","€1 220,00 (гот)"
134,"Huawei SUN2000-10KTL-M0","Мережеві інвертори","€1 280,00 (гот)"
135,"Мережеві інвертори Huawei","Мережеві інвертори","за запитом"
136,"Huawei SUN 2000-8KTL","Мережеві інвертори","€1 050,00 (гот)"
137,"Huawei SUN 2000-8KTL-M1","Мережеві інвертори","€1 540,00 (гот)"
138,"Huawei SUN 2000-10KTL-M1","Мережеві інвертори","€1 675,00 (гот)"
139,"Huawei SUN 2000-12KTL","Мережеві інвертори","€1 150,00 (гот)"
140,"Huawei SUN2000-12KTL-M0","Мережеві інвертори","€1 300,00 (гот)"
141,"Huawei SUN2000-12KTL-M5","Мережеві інвертори","€1 757,00 (гот)"
142,"Huawei SUN2000-15KTL-M0","Мережеві інвертори","€1 600,00 (гот)"
143,"Huawei SUN2000-15KTL-M5","Мережеві інвертори","€1 500,00 (гот)"
144,"Huawei SUN2000-17KTL-M0","Мережеві інвертори","€1 470,00 (гот)"
145,"Huawei SUN2000-17KTL-M5","Мережеві інвертори","€1 480,00 (гот)"
146,"Huawei SUN2000-20KTL-M0","Мережеві інвертори","€1 620,00 (опт) / €2 000,00 (роздріб)"
147,"Huawei SUN2000-20KTL-M5","Мережеві інвертори","€1 670,00 (гот)"
148,"Huawei SUN2000-25KTL-M5","Мережеві інвертори","€2 000,00 (гот)"
149,"Huawei SUN 2000-30KTL-M3","Мережеві інвертори","€1 990,00 (опт) / €2 360,00 (роздріб)"
150,"Huawei SUN 2000-33KTL-A","Мережеві інвертори","€1 900,00 (гот)"
151,"Huawei SUN 2000-36KTL","Мережеві інвертори","€2 450,00 (гот)"
152,"Huawei SUN 2000-36KTL-M3","Мережеві інвертори","€2 300,00 (опт) / €2 788,00 (роздріб)"
153,"Huawei SUN 2000-40KTL-M3","Мережеві інвертори","€2 750,00 (опт) / €2 840,00 (роздріб)"
154,"Huawei SUN 2000-50KTL-M0","Мережеві інвертори","€2 500,00 (опт) / €2 900,00 (роздріб)"
155,"Huawei SUN 2000-50KTL-M3","Мережеві інвертори","€2 400,00 (опт) / €2 800,00 (роздріб)"
156,"Huawei SUN 2000-60KTL-M0","Мережеві інвертори","€3 350,00 (опт) / €3 400,00 (роздріб)"
157,"Huawei SUN 2000-100KTL-M1","Мережеві інвертори","€4 100,00 (опт) / €4 600,00 (роздріб)"
158,"Huawei SUN 2000-100KTL-M2","Мережеві інвертори","€4 100,00 (опт) / €4 450,00 (роздріб)"
159,"Huawei SUN 2000-115KTL-M2","Мережеві інвертори","€4 700,00 (опт) / €5 000,00 (роздріб)"
160,"Huawei SUN 2000-150KTL-MG0","Мережеві інвертори","€5 900,00 (опт) / €6 450,00 (роздріб)"
161,"Аксесуари до інверторів Huawei","Мережеві інвертори","за запитом"
162,"Smart Dongle 05","Мережеві інвертори","€65,00 (опт) / €75,00 (роздріб)"
163,"Smart 4G","Мережеві інвертори","€155,00 (опт) / €175,00 (роздріб)"
164,"Smart Logger 3000a01","Мережеві інвертори","€500,00 (опт) / €550,00 (роздріб)"
165,"Smart Logger 3000a01 plc","Мережеві інвертори","€1 200,00 (опт) / €1 320,00 (роздріб)"
166,"SUN2000P-375W","Мережеві інвертори","€72,00 (гот)"
167,"смарт мітер DTSU666-HW 80A пряме включення, більше на зовншні транси","Мережеві інвертори","€210,00 (опт) / €230,00 (роздріб)"
168,"смарт мітер DTSU666-H 250A/50mA","Мережеві інвертори","€185,00 (опт) / €210,00 (роздріб)"
169,"Janitza UMG 103-CBM","Мережеві інвертори","€510,00 (опт) / €550,00 (роздріб)"
170,"Трансформатор струму","Мережеві інвертори","€50,00 (опт) / €65,00 (роздріб)"
171,"Трансформатор струму","Мережеві інвертори","€60,00 (опт) / €70,00 (роздріб)"
172,"Трансформатор струму","Мережеві інвертори","€75,00 (опт) / €80,00 (роздріб)"
173,"Мережевий інвертор Solis","Мережеві інвертори","за запитом"
174,"Однофазні інвертори","Мережеві інвертори","за запитом"
175,"Solis S6-GR1P3K-M","Мережеві інвертори","516 $ (гот)"
176,"Solis S6-GR1P4K-M","Мережеві інвертори","690 $ (гот)"
177,"Solis S6-GR1P5K-M","Мережеві інвертори","790 $ (гот)"
178,"Solis S6-GR1P6K-M","Мережеві інвертори","832 $ (гот)"
179,"Трифазні інвертори","Мережеві інвертори","за запитом"
180,"Solis-3P5K-4G","Мережеві інвертори","$740,00 (гот)"
181,"Solis-3P10K-4G-DC","Мережеві інвертори","$1 080,00 (гот)"
182,"Solis-3P15K-4G-DC","Мережеві інвертори","$1 320,00 (гот)"
183,"Solis-3P17K-4G-DC","Мережеві інвертори","$1 200,00 (гот)"
184,"Solis 3P20K-4G","Мережеві інвертори","$1 300,00 (гот)"
185,"Solis- 3P-30K-5G+WiFi","Мережеві інвертори","$1 300,00 (гот)"
186,"Solis S5-GC30K","Мережеві інвертори","$1 300,00 (гот)"
187,"Solis- S5-GC40K+WiFi","Мережеві інвертори","$2 300,00 (гот)"
188,"Solis- S5-GC50K+WiFi","Мережеві інвертори","$1 900,00 (гот)"
189,"Solis- S5-GC100K+WiFi","Мережеві інвертори","$2 900,00 (гот)"
190,"Solis- S5-GC110K+WiFi","Мережеві інвертори","$4 650,00 (гот)"
191,"Solis S5-GR3P4K","Мережеві інвертори","$1 030,00 (гот)"
192,"Solis S5-GR3P6K","Мережеві інвертори","$1 100,00 (гот)"
193,"Solis S5-GR3P8K","Мережеві інвертори","$1 160,00 (гот)"
194,"Solis S5-GR3P10K","Мережеві інвертори","$1 200,00 (гот)"
195,"Solis S5-GR3P12K","Мережеві інвертори","$1 250,00 (гот)"
196,"Solis S5-GR3P15K","Мережеві інвертори","$1 280,00 (гот)"
197,"Solis S5-GR3P17K","Мережеві інвертори","$1 280,00 (гот)"
198,"Solis S5-GR3P20K","Мережеві інвертори","$1 300,00 (гот)"
199,"Solis S5-GC25K","Мережеві інвертори","$1 300,00 (гот)"
200,"Data Loger WiFi Solis","Мережеві інвертори","$45,00 (гот)"
201,"Мережеві інвертори Axioma","Мережеві інвертори","за запитом"
202,"Axioma Axgrid-1,5/2","Мережеві інвертори","$580,00 (гот)"
203,"Axioma Axgrid-3/4","Мережеві інвертори","$620,00 (гот)"
204,"Axioma Axgrid-5/6","Мережеві інвертори","$670,00 (гот)"
205,"Axioma Axgrid-6/8","Мережеві інвертори","$770,00 (гот)"
206,"Axioma Axgrid-5/6-3","Мережеві інвертори","$1 020,00 (гот)"
207,"Axioma Axgrid-8/11","Мережеві інвертори","$1 050,00 (гот)"
208,"Axioma Axgrid-10/13","Мережеві інвертори","$1 100,00 (гот)"
209,"Axioma Axgrid-12/16","Мережеві інвертори","$1 184,00 (гот)"
210,"Axioma Axgrid-15/20","Мережеві інвертори","$1 200,00 (гот)"
211,"Axioma Axgrid-17/23","Мережеві інвертори","$1 340,00 (гот)"
212,"Axioma Axgrid-20/27","Мережеві інвертори","$1 360,00 (гот)"
213,"Axioma Axgrid-25/34","Мережеві інвертори","$1 790,00 (гот)"
214,"Axioma Axgrid-30/40","Мережеві інвертори","$1 750,00 (гот)"
215,"Axioma Axgrid-50/67","Мережеві інвертори","$2 300,00 (гот)"
216,"Аксесуари до інверторів Axioma","Мережеві інвертори","за запитом"
217,"Energymeter","Мережеві інвертори","$75,00 (гот)"
218,"Мережеві інвертори Trannergy","Мережеві інвертори","за запитом"
219,"Трифазні інвертори","Мережеві інвертори","за запитом"
220,"TRB5000TL","Мережеві інвертори","1036$ (гот)"
221,"TRB010KTL","Мережеві інвертори","1124$ (гот)"
222,"TRN012KTL","Мережеві інвертори","1468$ (гот)"
223,"TRN015KTL","Мережеві інвертори","1468$ (гот)"
224,"TRN017KTL","Мережеві інвертори","1420$ (гот)"
225,"TRN020KTL","Мережеві інвертори","1520$ (гот)"
226,"TRN025KTL","Мережеві інвертори","1744$ (гот)"
227,"TRN0030KTL","Мережеві інвертори","1888$ (гот)"
228,"Трифазні інвертори Goodwe","Мережеві інвертори","за запитом"
229,"Однофазні інвертори","Мережеві інвертори","за запитом"
230,"GW1500-NS","Мережеві інвертори","1500"
231,"GW3000-NS","Мережеві інвертори","3000"
232,"GW5000D-NS","Мережеві інвертори","5000"
233,"Трифазні інвертори","Мережеві інвертори","за запитом"
234,"GW10KN-DT","Мережеві інвертори","1350 (гот)"
235,"GW15KN-DT","Мережеві інвертори","1900 (гот)"
236,"GW17KN-DT","Мережеві інвертори","1950 (гот)"
237,"GW20KN-DT","Мережеві інвертори","2000$ (гот)"
238,"GW30KN-DT","Мережеві інвертори","1950$ (гот)"
239,"Мережеві інвертори Altek","Мережеві інвертори","за запитом"
240,"Однофазні інвертори","Мережеві інвертори","за запитом"
241,"ACRUX-1K-SM","Мережеві інвертори","361$ (гот)"
242,"ACRUX-1.5K-SM","Мережеві інвертори","388$ (гот)"
243,"ACRUX-2K-SM","Мережеві інвертори","427$ (гот)"
244,"АKRUX-3К-SM","Мережеві інвертори","560$ (гот)"
245,"АKSG-3.2К-DM","Мережеві інвертори","800$ (гот)"
246,"ACRUX-5K-DM","Мережеві інвертори","843$ (гот)"
247,"Трифазні інвертори","Мережеві інвертори","за запитом"
248,"ACRUX-10K-DM","Мережеві інвертори","1304$ (гот)"
249,"ACRUX-15K-DM","Мережеві інвертори","1598$ (гот)"
250,"ACRUX-20K-DM","Мережеві інвертори","1716$ (гот)"
251,"ACRUX-30K-TM","Мережеві інвертори","1760$ (гот)"
252,"ACRUX-50K-TM","Мережеві інвертори","3553$ (гот)"
253,"AKSG-60K-TM","Мережеві інвертори","3962$ (гот)"
254,"Аксесуари до інверторів Altek","Мережеві інвертори","за запитом"
255,"Зовнішній WIFI модуль","Мережеві інвертори","112$ (гот)"
256,"Обмежувач ACRUX","Мережеві інвертори","694$ (гот)"
257,"Мережеві інвертори Kstar","Мережеві інвертори","за запитом"
258,"Однофазні інвертори","Мережеві інвертори","за запитом"
259,"KSG-1-SM","Мережеві інвертори","328$ (гот)"
260,"KSG-3-SM","Мережеві інвертори","416$ (гот)"
261,"Трифазні інвертори","Мережеві інвертори","за запитом"
262,"KSG-5-SM","Мережеві інвертори","---- (гот)"
263,"KSG-10-SM+WiFi","Мережеві інвертори","$1 080,00 (гот)"
264,"KSG-12-SM+WiFi","Мережеві інвертори","$1 100,00 (гот)"
265,"KSG-15-SM+WiFi","Мережеві інвертори","$1 184,00 (гот)"
266,"KSG-17-SM+WiFi","Мережеві інвертори","17"
267,"KSG-20-SM +WiFi","Мережеві інвертори","$1 200,00 (гот)"
268,"KSG-30-SM +WiFi","Мережеві інвертори","$1 400,00 (гот)"
269,"Мережеві інвертори Growatt","Мережеві інвертори","за запитом"
270,"Однофазні інвертори","Мережеві інвертори","за запитом"
271,"1000 S","Мережеві інвертори","$350,00 (гот)"
272,"3000 S","Мережеві інвертори","$630,00 (гот)"
273,"3000","Мережеві інвертори","$568,00 (гот)"
274,"5000 TL","Мережеві інвертори","$830,00 (гот)"
275,"5000 MTL S","Мережеві інвертори","$900,00 (гот)"
276,"Трифазні інвертори","Мережеві інвертори","за запитом"
277,"5000 TL3-S","Мережеві інвертори","$ 1 100 (гот)"
278,"7000 TL3 S","Мережеві інвертори","$1 260,00 (гот)"
279,"8000 TL3 S","Мережеві інвертори","$1 463,00 (гот)"
280,"9000 TL3-S","Мережеві інвертори","$1 498,00 (гот)"
281,"10000 TL3 S","Мережеві інвертори","$1 564,00 (гот)"
282,"12000 TL3 S","Мережеві інвертори","$1 858,00 (гот)"
283,"13000 TL3 S","Мережеві інвертори","$2 006,00 (гот)"
284,"15000 TL3 S","Мережеві інвертори","$2 033,00 (гот)"
285,"17000 TL3 S","Мережеві інвертори","$2 173,00 (гот)"
286,"20000 TL3-S","Мережеві інвертори","$2 251,00 (гот)"
287,"25000 TL3-S","Мережеві інвертори","$2 384,00 (гот)"
288,"30000 TL3-S","Мережеві інвертори","$2 400,00 (гот)"
289,"Growatt MAX50","Мережеві інвертори","$4 150,00 (гот)"
290,"Growatt MAX60","Мережеві інвертори","$4 500,00 (гот)"
291,"Growatt MAX60","Мережеві інвертори","$5 150,00 (гот)"
292,"Growatt MAX80","Мережеві інвертори","$5 600,00 (гот)"
293,"Мережевий інвертор LogicPower","Мережеві інвертори","за запитом"
294,"Трифазні інвертори","Мережеві інвертори","за запитом"
295,"LP SIW 30 KW","Мережеві інвертори","1000 $ (опт) / АКЦІЙНА ЦІНА!!!! (роздріб)"
296,"ОДНОФАЗНІ ІНВЕРТОРИ FRONIUS","Мережеві інвертори","за запитом"
297,"PRIMO LIGHT (TL)","Мережеві інвертори","за запитом"
298,"FRPRI30-2L","Мережеві інвертори","€945,00 (гот)"
299,"FRPRI35-2L","Мережеві інвертори","€890,00 (гот)"
300,"FRPRI36-2L","Мережеві інвертори","€896,00 (гот)"
301,"FRPRI40-2L","Мережеві інвертори","€950,00 (гот)"
302,"FRPRI46-2L","Мережеві інвертори","€1 010,00 (гот)"
303,"FRPRI50-2L","Мережеві інвертори","€1 045,00 (гот)"
304,"FRPRI60-2L","Мережеві інвертори","€1 220,00 (гот)"
305,"FRPRI82-2L","Мережеві інвертори","€1 410,00 (гот)"
306,"PRIMO (TL)","Мережеві інвертори","за запитом"
307,"FRPRI35-2","Мережеві інвертори","€995,00 (гот)"
308,"FRPRI36-2","Мережеві інвертори","€1 000,00 (гот)"
309,"FRPRI40-2","Мережеві інвертори","€1 045,00 (гот)"
310,"FRPRI46-2","Мережеві інвертори","€1 102,00 (гот)"
311,"FRPRI50-2","Мережеві інвертори","€1 140,00 (гот)"
312,"FRPRI60-2","Мережеві інвертори","€1 310,00 (гот)"
313,"ТРИФАЗНІ ІНВЕРТОРИ FRONIUS","Мережеві інвертори","за запитом"
314,"SYMO M Light (2MPPT+ComCard)","Мережеві інвертори","за запитом"
315,"SYMO 3.0M-L","Мережеві інвертори","€1 030,00 (гот)"
316,"SYMO 3.7M-L","Мережеві інвертори","€1 128,00 (гот)"
317,"SYMO 4.5M-L","Мережеві інвертори","€1 192,00 (гот)"
318,"SYMO 5.0M-L","Мережеві інвертори","€1 160,00 (гот)"
319,"SYMO 6.0M-L","Мережеві інвертори","€1 230,00 (гот)"
320,"SYMO 7.0M-L","Мережеві інвертори","€1 257,00 (гот)"
321,"SYMO 8.2M-L","Мережеві інвертори","€1 596,00 (гот)"
322,"SYMO 10.0M-L","Мережеві інвертори","€1 670,00 (гот)"
323,"SYMO 12.5M-L","Мережеві інвертори","€1 900,00 (гот)"
324,"SYMO 15.0M-L","Мережеві інвертори","€2 100,00 (гот)"
325,"SYMO 17.5M-L","Мережеві інвертори","€2 200,00 (гот)"
326,"SYMO 20.0M-L","Мережеві інвертори","€2 300,00 (гот)"
327,"SYMO M  (2MPPT+WLAN)","Мережеві інвертори","за запитом"
328,"SYMO 3.0M","Мережеві інвертори","€1 107,00 (гот)"
329,"SYMO 3.7M","Мережеві інвертори","€1 210,00 (гот)"
330,"SYMO 4.5M","Мережеві інвертори","€1 271,00 (гот)"
331,"SYMO 5.0M","Мережеві інвертори","€1 291,00 (гот)"
332,"SYMO 6.0M","Мережеві інвертори","€1 317,00 (гот)"
333,"SYMO 7.0M","Мережеві інвертори","€1 615,00 (гот)"
334,"SYMO 8.2M","Мережеві інвертори","€1 781,00 (гот)"
335,"SYMO 10.0M","Мережеві інвертори","€1 867,00 (гот)"
336,"SYMO 12.5M","Мережеві інвертори","€2 100,00 (гот)"
337,"SYMO 15.0M","Мережеві інвертори","€2 200,00 (гот)"
338,"SYMO 17.5M","Мережеві інвертори","€2 340,00 (гот)"
339,"SYMO 20.0M","Мережеві інвертори","€2 430,00 (гот)"
340,"ТРИФАЗНІ ІНВЕРТОРИ","Мережеві інвертори","за запитом"
341,"ECO","Мережеві інвертори","за запитом"
342,"ECO 25.0M-L","Мережеві інвертори","€2 280,00 (гот)"
343,"ECO 25.0M-M","Мережеві інвертори","€2 350,00 (гот)"
344,"ECO 27.0M-L","Мережеві інвертори","€2 300,00 (гот)"
345,"ECO 27.0M-M","Мережеві інвертори","€2 360,00 (гот)"
346,"ТРИФАЗНІ ІНВЕРТОРИ","Мережеві інвертори","за запитом"
347,"SYMO HYBRID","Мережеві інвертори","за запитом"
348,"FRHY30-2","Мережеві інвертори","€1 800,00 (гот)"
349,"FRHY40-2","Мережеві інвертори","€1 992,00 (гот)"
350,"FRHY50-2","Мережеві інвертори","€2 170,00 (гот)"
351,"МЕРЕЖЕВІ ІНВЕРТОРИ ABB","Мережеві інвертори","за запитом"
352,"Однофазні інвертори","Мережеві інвертори","за запитом"
353,"PVI-3.0-TL","Мережеві інвертори","€675,00 (гот)"
354,"PVI-3.0-TLS","Мережеві інвертори","€715,00 (гот)"
355,"PVI-3.6-TL","Мережеві інвертори","€729,00 (гот)"
356,"PVI-3.6-TLS","Мережеві інвертори","€845,00 (гот)"
357,"PVI-4.2-TL","Мережеві інвертори","€870,00 (гот)"
358,"PVI-4.2-TLS","Мережеві інвертори","€910,00 (гот)"
359,"UNO DM-5.0-TL","Мережеві інвертори","€960,00 (гот)"
360,"UNO DM-5.0-TLS","Мережеві інвертори","€1 020,00 (гот)"
361,"PVI-6000-TL","Мережеві інвертори","€1 115,00 (гот)"
362,"PVI-6000-TLS","Мережеві інвертори","€1 177,00 (гот)"
363,"Трифазні інвертори","Мережеві інвертори","за запитом"
364,"TRIO-5.8-TL","Мережеві інвертори","€1 233,00 (гот)"
365,"TRIO-5.8-TLS","Мережеві інвертори","€1 280,00 (гот)"
366,"TRIO-7.5-TL","Мережеві інвертори","€1 310,00 (гот)"
367,"TRIO-7.5-TLS","Мережеві інвертори","€1 440,00 (гот)"
368,"TRIO-8.5-TL","Мережеві інвертори","€1 420,00 (гот)"
369,"TRIO-8.5-TLS","Мережеві інвертори","€1 470,00 (гот)"
370,"TRIO-10.0-TL","Мережеві інвертори","€1 200,00 (гот)"
371,"TRIO-10.0-TLS","Мережеві інвертори","€1 484,00 (гот)"
372,"TRIO-10.0-TLFS","Мережеві інвертори","€1 538,00 (гот)"
373,"TRIO-12.5-TL","Мережеві інвертори","€1 643,00 (гот)"
374,"TRIO-12.5-TLS","Мережеві інвертори","€1 694,00 (гот)"
375,"TRIO-12.5-TLFS","Мережеві інвертори","€1 708,00 (гот)"
376,"TRIO-20.0-S2","Мережеві інвертори","€2 557,00 (гот)"
377,"TRIO-20.0-S2F","Мережеві інвертори","€2 763,00 (гот)"
378,"TRIO-20.0-S2X","Мережеві інвертори","€2 900,00 (гот)"
379,"TRIO-20.0-S1J","Мережеві інвертори","€2 847,00 (гот)"
380,"TRIO-20.0-S2J","Мережеві інвертори","€2 900,00 (гот)"
381,"TRIO-27.0-S2","Мережеві інвертори","€3 010,00 (гот)"
382,"TRIO-27.0-S2F","Мережеві інвертори","€3 120,00 (гот)"
383,"TRIO-27.0-S2X","Мережеві інвертори","€3 325,00 (гот)"
384,"TRIO-27.0-S1J","Мережеві інвертори","€3 240,00 (гот)"
385,"TRIO-27.0-S2J","Мережеві інвертори","€3 307,00 (гот)"
386,"TRIO-33.0-TL","Мережеві інвертори","€3 060,00 (гот)"
387,"TRIO-33.0-TL-S","Мережеві інвертори","€3 142,00 (гот)"
388,"TRIO-33.0-TL-SX","Мережеві інвертори","€3 394,00 (гот)"
389,"ТРИФАЗНІ ІНВЕРТОРИ SMA","Мережеві інвертори","за запитом"
390,"SMA STP 5000TL-20","Мережеві інвертори","€1 426,00 (гот)"
391,"SMA STP 6000TL-20","Мережеві інвертори","€1 573,00 (гот)"
392,"SMA STP 7000TL-20","Мережеві інвертори","€1 696,00 (гот)"
393,"SMA STP 8000TL-20","Мережеві інвертори","€1 794,00 (гот)"
394,"SMA STP 9000TL-20","Мережеві інвертори","€1 930,00 (гот)"
395,"SMA STP 10000TL-20","Мережеві інвертори","€2 040,00 (гот)"
396,"SMA STP 12000TL-20","Мережеві інвертори","€2 310,00 (гот)"
397,"SMA STP 15000TL-30","Мережеві інвертори","€2 587,00 (гот)"
398,"SMA STP 15000TL-30","Мережеві інвертори","€2 700,00 (гот)"
399,"SMA STP 20000TL-30","Мережеві інвертори","€2 690,00 (гот)"
400,"SMA STP 20000TL-30","Мережеві інвертори","€2 845,00 (гот)"
401,"SMA STP 25000TL-30","Мережеві інвертори","€2 725,00 (гот)"
402,"SMA STP 25000TL-30","Мережеві інвертори","€2 880,00 (гот)"
403,"SMA CORE-1 STP 50-40","Мережеві інвертори","€5 246,85 (гот)"
404,"ОДНОФАЗНІ ІНВЕРТОРИ Solar Edge","Мережеві інвертори","за запитом"
405,"SE4K-RW","Мережеві інвертори","€1 120,00 (гот)"
406,"SE5K-RW","Мережеві інвертори","€1 130,00 (гот)"
407,"SE6K-RW","Мережеві інвертори","€1 150,00 (гот)"
408,"SE7K-RW","Мережеві інвертори","€1 240,00 (гот)"
409,"ТРИФАЗНІ ІНВЕРТОРИ Solar Edge","Мережеві інвертори","за запитом"
410,"SE4000-EUR3P","Мережеві інвертори","€1 110,00 (гот)"
411,"SE5000-EUR3P","Мережеві інвертори","€1 120,00 (гот)"
412,"SE6000-EUR3P","Мережеві інвертори","€1 180,00 (гот)"
413,"SE7000-EUR","Мережеві інвертори","€1 228,00 (гот)"
414,"SE8000-EUR","Мережеві інвертори","€1 360,00 (гот)"
415,"SE9000-EUR","Мережеві інвертори","€1 400,00 (гот)"
416,"SE10000-EUR","Мережеві інвертори","€1 460,00 (гот)"
417,"SE12500-EUR","Мережеві інвертори","€1 513,00 (гот)"
418,"SE15000-EUR","Мережеві інвертори","€1 310,00 (гот)"
419,"SE16000-EUR","Мережеві інвертори","€1 385,00 (гот)"
420,"SE17000-EUR","Мережеві інвертори","€1 335,00 (гот)"
421,"SE27600-N","Мережеві інвертори","€1 915,00 (гот)"
422,"SE33300-N","Мережеві інвертори","€2 110,00 (гот)"
423,"SE25000-P","Мережеві інвертори","€2 230,00 (гот)"
424,"SE27600-P","Мережеві інвертори","€2 270,00 (гот)"
425,"SE33300-P","Мережеві інвертори","€2 470,00 (гот)"
426,"SE25000-D","Мережеві інвертори","€2 250,00 (гот)"
427,"SE27600-D","Мережеві інвертори","€2 290,00 (гот)"
428,"SE33300-D","Мережеві інвертори","€2 490,00 (гот)"
429,"ОДНОФАЗНІ ІНВЕРТОРИ Azzurro","Мережеві інвертори","за запитом"
430,"Інвертор  Однофазний 2MPPT (Garanzia 10 Anni) IP 65","Мережеві інвертори","за запитом"
431,"ZS-3000TLDW","Мережеві інвертори","3000"
432,"ZS-3000TLM","Мережеві інвертори","€705,00 (гот)"
433,"ZS-3000TLMDW","Мережеві інвертори","€748,00 (гот)"
434,"ZS-3680TLM","Мережеві інвертори","€745,00 (гот)"
435,"ZS-3680TLMDW","Мережеві інвертори","€790,00 (гот)"
436,"ZS-4000TLM","Мережеві інвертори","€760,00 (гот)"
437,"ZS-3680TLMDW","Мережеві інвертори","€810,00 (гот)"
438,"ZS-4600TLM","Мережеві інвертори","€830,00 (гот)"
439,"ZS-4600TLMDW","Мережеві інвертори","€880,00 (гот)"
440,"ZS-5000TLM","Мережеві інвертори","€845,00 (гот)"
441,"ZS-5000TLMDW","Мережеві інвертори","€897,00 (гот)"
442,"ZS-6000TLM","Мережеві інвертори","€916,00 (гот)"
443,"ZS-6000TLMDW","Мережеві інвертори","€975,00 (гот)"
444,"ТРИФАЗНІ ІНВЕРТОРИ Azzurro","Мережеві інвертори","за запитом"
445,"Трифазний інвертор  2MPPT ( Гарантія 10 років IP 65)","Мережеві інвертори","за запитом"
446,"ZS-10.0TL-S2","Мережеві інвертори","€1 377,00 (гот)"
447,"ZS-30.0TLDW","Мережеві інвертори","€2 250,00 (гот)"
448,"ZS-40.0TL-S3","Мережеві інвертори","€2 742,00 (гот)"
449,"ZS-40.0TL-S4","Мережеві інвертори","€2 871,00 (гот)"
450,"ZS-40.0TL-S5","Мережеві інвертори","€2 959,00 (гот)"
451,"ZS-50.0TL-S3","Мережеві інвертори","€3 375,00 (гот)"
452,"ZS-50.0TL-S4","Мережеві інвертори","€3 419,00 (гот)"
453,"ZS-50.0TL-S5","Мережеві інвертори","€3 653,00 (гот)"
454,"АКБ LiFePO4","АКБ","за запитом"
455,"Ecosolex","АКБ","за запитом"
456,"660 дол","АКБ","660 дол"
457,"Deye, LV (Низьквольтові, LiFePO4)","АКБ","за запитом"
458,"760 гот / 930 з ПДВ","АКБ","760 $ (гот)"
459,"750 гот / 920 з ПДВ","АКБ","750 $ (гот)"
460,"$2 300,00","АКБ","$2 300,00"
461,"$1 450,00","АКБ","$1 450,00"
462,"$1 760,00","АКБ","$1 760,00"
463,"Deye, HV (Високовольтні, LiFePO4)","АКБ","за запитом"
464,"$660,00","АКБ","$660,00"
465,"$850,00","АКБ","$850,00"
466,"750 гот / 920 з ПДВ","АКБ","750 $ (гот)"
467,"750 гот / 920 з ПДВ","АКБ","750 $ (гот)"
468,"760 гот / 900 з ПДВ","АКБ","760 $ (гот)"
469,"$1 260,00","АКБ","$1 260,00"
470,"$1 120,00","АКБ","$1 120,00"
471,"24500 гот / 29500 з ПДВ","АКБ","24500 $ (гот)"
472,"26800 гот / 32200  з ПДВ","АКБ","26800 $ (гот)"
473,"1780/2160 з ПДВ","АКБ","1780/2160 з ПДВ"
474,"1150/1 700 з ПДВ","АКБ","1150/1 700 з ПДВ"
475,"650/800 з ПДВ","АКБ","650/800 з ПДВ"
476,"$320,00","АКБ","$320,00"
477,"340/410 з ПДВ","АКБ","340/410 з ПДВ"
478,"Акб Dyness (LiFePO4), гарантія 5 років","АКБ","за запитом"
479,"$780,00","АКБ","$780,00"
480,"$380,00","АКБ","$380,00"
481,"$950,00","АКБ","$950,00"
482,"Pylontech, LV (низьковольтові), гарантія 10 роки (LiFePO4)","АКБ","за запитом"
483,"$600,00","АКБ","$600,00"
484,"$950,00","АКБ","$950,00"
485,"$950,00","АКБ","$950,00"
486,"$960,00","АКБ","$960,00"
487,"$4 200,00","АКБ","$4 200,00"
488,"$800,00","АКБ","$800,00"
489,"$1 200,00","АКБ","$1 200,00"
490,"Pylontech, HV (високовольтові), гарантія 10 роки (LiFePO4)","АКБ","за запитом"
491,"BMS контролер акумулятора Pylontech FORCE H1","АКБ","за запитом"
492,"Акумуляторний модуль Pylontech Force H1","АКБ","3,55 кВт"
493,"$1 670,00","АКБ","$1 670,00"
494,"$990,00","АКБ","$990,00"
495,"$870,00","АКБ","$870,00"
496,"$1 316,00","АКБ","$1 316,00"
497,"$6 100,00","АКБ","$6 100,00"
498,"MBMS1000","АКБ","за запитом"
499,"Pylontech, аксесуари","АКБ","за запитом"
500,"$62,00","АКБ","$62,00"
501,"$65,00","АКБ","$65,00"
502,"$40,00","АКБ","$40,00"
503,"Axioma, гарантія 3 роки (LiFePO4)","АКБ","за запитом"
504,"$260,00","АКБ","$260,00"
505,"$480,00","АКБ","$480,00"
506,"Axioma AX-LFP-50/51.2","АКБ","50"
507,"$650,00","АКБ","$650,00"
508,"Anenji гарантія 5 років (LiFePO4) 12 В","АКБ","за запитом"
509,"$400,00","АКБ","$400,00"
510,"LogicPower гарантія 5 років (LiFePO4) 12 В","АКБ","за запитом"
511,"$292,67","АКБ","$292,67"
512,"$420,00","АКБ","$420,00"
513,"$590,00","АКБ","$590,00"
514,"$828,40","АКБ","$828,40"
515,"$1 061,00","АКБ","$1 061,00"
516,"Syl Battery, гарантія 7 років (LiFePO4)","АКБ","за запитом"
517,"$780,00","АКБ","$780,00"
518,"Solax, гарантія 10 років (Li-on)","АКБ","за запитом"
519,"$1 600,00","АКБ","$1 600,00"
520,"$1 400,00","АКБ","$1 400,00"
521,"$900,00","АКБ","$900,00"
522,"$620,00","АКБ","$620,00"
523,"LogicPower, гарантія 2 роки (AGM)","АКБ","за запитом"
524,"$46,87","АКБ","$46,87"
525,"$52,20","АКБ","$52,20"
526,"$64,97","АКБ","$64,97"
527,"$94,72","АКБ","$94,72"
528,"$89,00","АКБ","$89,00"
529,"$123,71","АКБ","$123,71"
530,"$131,40","АКБ","$131,40"
531,"$135,00","АКБ","$135,00"
532,"$154,86","АКБ","$154,86"
533,"$190,00","АКБ","$190,00"
534,"$230,00","АКБ","$230,00"
535,"$285,00","АКБ","$285,00"
536,"$335,53","АКБ","$335,53"
537,"$405,84","АКБ","$405,84"
538,"LogicPower, гарантія 2 роки (GEL)","АКБ","за запитом"
539,"$56,30","АКБ","$56,30"
540,"$103,55","АКБ","$103,55"
541,"$109,80","АКБ","$109,80"
542,"$176,30","АКБ","$176,30"
543,"$171,00","АКБ","$171,00"
544,"$200,00","АКБ","$200,00"
545,"$230,40","АКБ","$230,40"
546,"$273,60","АКБ","$273,60"
547,"$390,00","АКБ","$390,00"
548,"$560,00","АКБ","$560,00"
549,"Toyama, гарантія 1 рік (GEL)","АКБ","за запитом"
550,"$120,00","АКБ","$120,00"
551,"$130,00","АКБ","$130,00"
552,"$175,00","АКБ","$175,00"
553,"$210,00","АКБ","$210,00"
554,"$300,00","АКБ","$300,00"
555,"$330,00","АКБ","$330,00"
556,"$540,00","АКБ","$540,00"
