Назва товару,Ціна (готівка)
"Tongwei Solar (Tier 1)","за запитом"
"TW Solar TWMNH-66HD575 Bifacial","0,150 $/Вт"
"TW Solar TWMNH-66HD625 Bifacial","0,160 $/Вт"
"TW Solar TWMNH-66HD630 Bifacial","0,160 $/Вт"
"Longi Solar (Tier 1)","за запитом"
"Longi Solar LR5-54HIH-410M","0,135 $/Вт"
"Longi Solar LR5-54HTH-435M","0,150 $/Вт"
"Longi Solar LR5-66HIH-500M, 500Вт","0,165 $/Вт"
"Longi Solar LR8-48HGD-435M","0,160 $/Вт"
"Longi Solar LR7-54HTH-460M","0,165 $/Вт"
"LONGi Solar LR7-72HVH-640М","0,170 $/Вт"
"LONGi Solar LR7-72HVH-645М","0,170 $/Вт"
"Longi Solar LR5-72HGD-580M","0,175 $/Вт"
"Longi Solar LR5-72HTH-590M","0,155 $/Вт"
"Longi Solar LR8-66HGD-610M Bificial","0,170 $/Вт"
"Longi Solar LR8-66HGD-615M Bificial","0,170 $/Вт"
"Longi Solar LR8-66HGD-620M Bificial","0,170 $/Вт"
"Longi Solar LR7-72HTH-630M","0,170 $/Вт"
"LONGi Solar LR7-72HYD-650M Bificial","0,175 $/Вт"
"Trina solar, Tier 1","за запитом"
"Trina Solar TSM-435NEG9RC.27","0,145 $/Вт"
"Trina Solar TSM-NE19R 615W (НОВИНКА!)","0,165 $/Вт"
"Trina Solar TSM-NE19R 620W (НОВИНКА!)","0,165 $/Вт"
"Trina Solar TSM-NE19R 625W (НОВИНКА!)","0,165 $/Вт"
"Jinko Solar, Tier 1","за запитом"
"Jinko SolarJKM-435N-48HL4-B, 435 Вт","0,175 $/Вт"
"Jinko Solar JKM585N-72HL4V, 585Вт","0,155 $/Вт"
"JA Solar, Tier 1","за запитом"
"Ja Solar JAM54D41-445/LB Bifacial","0,165 $/Вт"
"Ja Solar JAM54D41-445/LB Bifacial","0,165 $/Вт"
"Ja Solar JAM66D45-620/LB Bifacial","0,160 $/Вт"
"Ja Solar JAM54D41-455/LR","0,160 $/Вт"
"Suntech (Tier 1)","за запитом"
"STP490S-I60-Nsfb+","0,165 $/Вт"
"STP625S-H66-Nsh+","0,150 $/Вт"
"TCL Solar (Tier 1)","за запитом"
"TCL  Solar HSM-ND48-DR455 Bifacial","0,170 $/Вт"
"Axioma Energy 12V","за запитом"
"AX-50P AXIOMA energy","48 $"
"AX-50M AXIOMA energy","50 $"
"AX-80P AXIOMA energy","68 $"
"AX-100P AXIOMA energy","75 $"
"AX-100M AXIOMA energy","80 $"
"AX-150M AXIOMA energy","102 $"
"AX-200M AXIOMA energy","120 $"
"Altek 12V","за запитом"
"ALM-50M Altek","52 $"
"ALM-100M Altek","70 $"
"ALM-170M Altek","108 $"
"ALM-180M Altek","128 $"
"Deye, LV (низьковольтові)","за запитом"
"Deye SUN-5KSG03LP1-EU","750 $"
"Deye SUN-6KSG05LP1-EU","750 $"
"Deye SUN-8KSG05LP1-EU","1 080 $"
"Deye SUN-10K-SG02LP1-EU","1 480 $"
"Deye SUN-10KSG05LP3-EU  (НОВИНКА)","10"
"Deye SUN-12K-SG02 LP1-EU","1 520 $"
"Deye SUN-12KSG05LP3-EU  (НОВИНКА)","1 580 $"
"Deye SUN-12KSG04LP3-EU","12"
"Deye SUN-15K-SG05LP3-EU-SM2 (НОВИНКА)","1 800 $"
"Deye SUN-16K-SG01LP1-EU (НОВИНКА)","1 850 $"
"Deye SUN-20-SG05LP3-EU-SM2 (НОВИНКА)","2 400 $"
"Deye, HV (високовольтові)","за запитом"
"Deye SUN-15K-SG01HP3-EU-АM2","15"
"Deye SUN-20K-SG01HP3-EU-АM2","20"
"Deye SUN-25K-SG01HP3-EU-AM2","1 960 $"
"Deye SUN-30K-SG02HP3-EU-AM3 (НОВИНКА)","2 600 $"
"Deye SUN-30K-SG01HP3-EU-BM3","30"
"Deye SUN-50K-SG01HP3-EU-BM4","4 050 $"
"Deye SUN-60K-SG02HP3-EU-EM6","5 200 $"
"Deye SUN-75K-SG02HP3-EU-EM6","75"
"Deye SUN-80K-SG01HP3-EU-BM6","5 500 $"
"Deye SUN-100K-SG02HP3-EU-GM10 (НОВИНКА)","6 800 $"
"Deye SUN-125K-SG02HP3-EU-GM10 (НОВИНКА)","7 100 $"
"LuxPower Tec","за запитом"
"LuxPower SNA5000 WIDE PV, 5кВт","520 $"
"LuxPower SNA6000 WIDE PV, 6кВт","570 $"
"Huawei","за запитом"
"SUN2000-5KTL-L1","€600,00"
"SUN2000-6KTL-L1","€750,00"
"SUN 2000-10KTL-M1","€1 250,00"
"Комплект - гібридний інвертор 6 кВт + АКБ 10кВт + Cиловий модуль + Система перемикання + Смарт мітер","€3 000,00"
"SUN 2000-12К-МВО (13,2 kW) НОВИНКА","€2 142,00"
"SUN 2000-15К-МВО (16,5 kW) НОВИНКА","€2 415,00"
"SUN 2000-17К-МВО (18,7 kW) НОВИНКА","€2 470,00"
"SUN 2000-20К-МВО (22 kW) НОВИНКА","€2 609,00"
"SUN 2000-25К-МВО (27,5 kW) НОВИНКА","€2 670,00"
"Battery module LUNA2000-5-E0","€2 115,00"
"Power module LUNA2000-5KW-C0","€855,00"
"Back up system 1-phase","€417,00"
"Back up system 3-phase","€667,00"
"LUNA2000 Wall Mounting Bracket","€78,00"
"Solax Power","за запитом"
"PROSOLAX X1-HYBRID-5.0M","900 $"
"PROSOLAX X1-HYBRID-6.0M","950 $"
"PROSOLAX X1-HYBRID-7.50M","1 250 $"
"PROSOLAX X3-HYBRID-10.0M/D","1 950 $"
"PROSOLAX X3-HYBRID-12.0M/D","2 100 $"
"PROSOLAX X3-HYBRID-15.0M/D","2 000 $"
"PROSOLAX X1-Mate box","620 $"
"PROSOLAX X3-Mate box","690 $"
"Power Meter DDSU666","132 $"
"Power Meter DTSU666-D-CT","190 $"
"Multi X3-EPS BOX","2 079 $"
"PARALLEL BMS BOX-II","1 172 $"
"PROSOLAX Wi-Fi stick","38 $"
"PROSOLAX Pocket Lan V2.0","38 $"
"PROSOLAX Master Pack T-BAT H5.8","2 400 $"
"PROSOLAX Slave Pack T-BAT HV11550","2 060 $"
"PROSOLAX T-BAT H 3.0","1 087 $"
"PROSOLAX BMS-МС0600","588 $"
"Комплект: Інвертор + АКБ + Захист + конект бокс + мітер + моніторинг","1 600 $"
"Комплект: Інвертор + АКБ + Захист + конект бокс + мітер + моніторинг","1 750 $"
"Комплект: Інвертор + АКБ + Захист + конект бокс + мітер + моніторинг","1 900 $"
"Комплект: Інвертор + АКБ + Захист + конект бокс + мітер + моніторинг","4 500 $"
"Solis","за запитом"
"Solis RHI-3P10K-HVES-5G","990 $"
"RHI-3P10K-48ES-5G + PYLONTECH Force-H2","3 900 $"
"Інвертори Deye","за запитом"
"Deye SUN-10K-G04","650 $"
"Deye SUN-15K-G04","690 $"
"Deye SUN-20K-G04","850 $"
"Deye SUN-30K-G04","1 050 $"
"Deye SUN-50K-G04","1 690 $"
"Deye SUN-60K-G04","2 550 $"
"Deye SUN-100K-G04","2 600 $"
"Інвертори Huawei","за запитом"
"Однофазні гібридні інвертори Huawei","за запитом"
"Huawei SUN2000-5KTL-L1","€1 120,00"
"Huawei SUN2000L-6KTL-L1","€1 180,00"
"Трифазні гібридні інвертори Huawei","за запитом"
"Huawei SUN2000-5KTL-M0","за запитом"
"Huawei SUN2000-8KTL-M0","€1 220,00"
"Huawei SUN2000-10KTL-M0","€1 280,00"
"Мережеві інвертори Huawei","за запитом"
"Huawei SUN 2000-8KTL","€1 050,00"
"Huawei SUN 2000-8KTL-M1","€1 540,00"
"Huawei SUN 2000-10KTL-M1","€1 675,00"
"Huawei SUN 2000-12KTL","€1 150,00"
"Huawei SUN2000-12KTL-M0","€1 300,00"
"Huawei SUN2000-12KTL-M5","€1 757,00"
"Huawei SUN2000-15KTL-M0","€1 600,00"
"Huawei SUN2000-15KTL-M5","€1 500,00"
"Huawei SUN2000-17KTL-M0","€1 470,00"
"Huawei SUN2000-17KTL-M5","€1 480,00"
"Huawei SUN2000-20KTL-M0","€1 620,00"
"Huawei SUN2000-20KTL-M5","€1 670,00"
"Huawei SUN2000-25KTL-M5","€2 000,00"
"Huawei SUN 2000-30KTL-M3","€1 990,00"
"Huawei SUN 2000-33KTL-A","€1 900,00"
"Huawei SUN 2000-36KTL","€2 450,00"
"Huawei SUN 2000-36KTL-M3","€2 300,00"
"Huawei SUN 2000-40KTL-M3","€2 750,00"
"Huawei SUN 2000-50KTL-M0","€2 500,00"
"Huawei SUN 2000-50KTL-M3","€2 400,00"
"Huawei SUN 2000-60KTL-M0","€3 350,00"
"Huawei SUN 2000-100KTL-M1","€4 100,00"
"Huawei SUN 2000-100KTL-M2","€4 100,00"
"Huawei SUN 2000-115KTL-M2","€4 700,00"
"Huawei SUN 2000-150KTL-MG0","€5 900,00"
"Аксесуари до інверторів Huawei","за запитом"
"Smart Dongle 05","€65,00"
"Smart 4G","€155,00"
"Smart Logger 3000a01","€500,00"
"Smart Logger 3000a01 plc","€1 200,00"
"SUN2000P-375W","€72,00"
"смарт мітер DTSU666-HW 80A пряме включення, більше на зовншні транси","€210,00"
"смарт мітер DTSU666-H 250A/50mA","€185,00"
"Janitza UMG 103-CBM","€510,00"
"Трансформатор струму","€50,00"
"Трансформатор струму","€60,00"
"Трансформатор струму","€75,00"
"Мережевий інвертор Solis","за запитом"
"Однофазні інвертори","за запитом"
"Solis S6-GR1P3K-M","516 $"
"Solis S6-GR1P4K-M","690 $"
"Solis S6-GR1P5K-M","790 $"
"Solis S6-GR1P6K-M","832 $"
"Трифазні інвертори","за запитом"
"Solis-3P5K-4G","$740,00"
"Solis-3P10K-4G-DC","$1 080,00"
"Solis-3P15K-4G-DC","$1 320,00"
"Solis-3P17K-4G-DC","$1 200,00"
"Solis 3P20K-4G","$1 300,00"
"Solis- 3P-30K-5G+WiFi","$1 300,00"
"Solis S5-GC30K","$1 300,00"
"Solis- S5-GC40K+WiFi","$2 300,00"
"Solis- S5-GC50K+WiFi","$1 900,00"
"Solis- S5-GC100K+WiFi","$2 900,00"
"Solis- S5-GC110K+WiFi","$4 650,00"
"Solis S5-GR3P4K","$1 030,00"
"Solis S5-GR3P6K","$1 100,00"
"Solis S5-GR3P8K","$1 160,00"
"Solis S5-GR3P10K","$1 200,00"
"Solis S5-GR3P12K","$1 250,00"
"Solis S5-GR3P15K","$1 280,00"
"Solis S5-GR3P17K","$1 280,00"
"Solis S5-GR3P20K","$1 300,00"
"Solis S5-GC25K","$1 300,00"
"Data Loger WiFi Solis","$45,00"
"Мережеві інвертори Axioma","за запитом"
"Axioma Axgrid-1,5/2","$580,00"
"Axioma Axgrid-3/4","$620,00"
"Axioma Axgrid-5/6","$670,00"
"Axioma Axgrid-6/8","$770,00"
"Axioma Axgrid-5/6-3","$1 020,00"
"Axioma Axgrid-8/11","$1 050,00"
"Axioma Axgrid-10/13","$1 100,00"
"Axioma Axgrid-12/16","$1 184,00"
"Axioma Axgrid-15/20","$1 200,00"
"Axioma Axgrid-17/23","$1 340,00"
"Axioma Axgrid-20/27","$1 360,00"
"Axioma Axgrid-25/34","$1 790,00"
"Axioma Axgrid-30/40","$1 750,00"
"Axioma Axgrid-50/67","$2 300,00"
"Аксесуари до інверторів Axioma","за запитом"
"Energymeter","$75,00"
"Мережеві інвертори Trannergy","за запитом"
"Трифазні інвертори","за запитом"
"TRB5000TL","1036$"
"TRB010KTL","1124$"
"TRN012KTL","1468$"
"TRN015KTL","1468$"
"TRN017KTL","1420$"
"TRN020KTL","1520$"
"TRN025KTL","1744$"
"TRN0030KTL","1888$"
"Трифазні інвертори Goodwe","за запитом"
"Однофазні інвертори","за запитом"
"GW1500-NS","1500"
"GW3000-NS","3000"
"GW5000D-NS","5000"
"Трифазні інвертори","за запитом"
"GW10KN-DT","1350"
"GW15KN-DT","1900"
"GW17KN-DT","1950"
"GW20KN-DT","2000$"
"GW30KN-DT","1950$"
"Мережеві інвертори Altek","за запитом"
"Однофазні інвертори","за запитом"
"ACRUX-1K-SM","361$"
"ACRUX-1.5K-SM","388$"
"ACRUX-2K-SM","427$"
"АKRUX-3К-SM","560$"
"АKSG-3.2К-DM","800$"
"ACRUX-5K-DM","843$"
"Трифазні інвертори","за запитом"
"ACRUX-10K-DM","1304$"
"ACRUX-15K-DM","1598$"
"ACRUX-20K-DM","1716$"
"ACRUX-30K-TM","1760$"
"ACRUX-50K-TM","3553$"
"AKSG-60K-TM","3962$"
"Аксесуари до інверторів Altek","за запитом"
"Зовнішній WIFI модуль","112$"
"Обмежувач ACRUX","694$"
"Мережеві інвертори Kstar","за запитом"
"Однофазні інвертори","за запитом"
"KSG-1-SM","328$"
"KSG-3-SM","416$"
"Трифазні інвертори","за запитом"
"KSG-5-SM","за запитом"
"KSG-10-SM+WiFi","$1 080,00"
"KSG-12-SM+WiFi","$1 100,00"
"KSG-15-SM+WiFi","$1 184,00"
"KSG-17-SM+WiFi","17"
"KSG-20-SM +WiFi","$1 200,00"
"KSG-30-SM +WiFi","$1 400,00"
"Мережеві інвертори Growatt","за запитом"
"Однофазні інвертори","за запитом"
"1000 S","$350,00"
"3000 S","$630,00"
"3000","$568,00"
"5000 TL","$830,00"
"5000 MTL S","$900,00"
"Трифазні інвертори","за запитом"
"5000 TL3-S","$ 1 100"
"7000 TL3 S","$1 260,00"
"8000 TL3 S","$1 463,00"
"9000 TL3-S","$1 498,00"
"10000 TL3 S","$1 564,00"
"12000 TL3 S","$1 858,00"
"13000 TL3 S","$2 006,00"
"15000 TL3 S","$2 033,00"
"17000 TL3 S","$2 173,00"
"20000 TL3-S","$2 251,00"
"25000 TL3-S","$2 384,00"
"30000 TL3-S","$2 400,00"
"Growatt MAX50","$4 150,00"
"Growatt MAX60","$4 500,00"
"Growatt MAX60","$5 150,00"
"Growatt MAX80","$5 600,00"
"Мережевий інвертор LogicPower","за запитом"
"Трифазні інвертори","за запитом"
"LP SIW 30 KW","1000 $"
"ОДНОФАЗНІ ІНВЕРТОРИ FRONIUS","за запитом"
"PRIMO LIGHT (TL)","за запитом"
"FRPRI30-2L","€945,00"
"FRPRI35-2L","€890,00"
"FRPRI36-2L","€896,00"
"FRPRI40-2L","€950,00"
"FRPRI46-2L","€1 010,00"
"FRPRI50-2L","€1 045,00"
"FRPRI60-2L","€1 220,00"
"FRPRI82-2L","€1 410,00"
"PRIMO (TL)","за запитом"
"FRPRI35-2","€995,00"
"FRPRI36-2","€1 000,00"
"FRPRI40-2","€1 045,00"
"FRPRI46-2","€1 102,00"
"FRPRI50-2","€1 140,00"
"FRPRI60-2","€1 310,00"
"ТРИФАЗНІ ІНВЕРТОРИ FRONIUS","за запитом"
"SYMO M Light (2MPPT+ComCard)","за запитом"
"SYMO 3.0M-L","€1 030,00"
"SYMO 3.7M-L","€1 128,00"
"SYMO 4.5M-L","€1 192,00"
"SYMO 5.0M-L","€1 160,00"
"SYMO 6.0M-L","€1 230,00"
"SYMO 7.0M-L","€1 257,00"
"SYMO 8.2M-L","€1 596,00"
"SYMO 10.0M-L","€1 670,00"
"SYMO 12.5M-L","€1 900,00"
"SYMO 15.0M-L","€2 100,00"
"SYMO 17.5M-L","€2 200,00"
"SYMO 20.0M-L","€2 300,00"
"SYMO M  (2MPPT+WLAN)","за запитом"
"SYMO 3.0M","€1 107,00"
"SYMO 3.7M","€1 210,00"
"SYMO 4.5M","€1 271,00"
"SYMO 5.0M","€1 291,00"
"SYMO 6.0M","€1 317,00"
"SYMO 7.0M","€1 615,00"
"SYMO 8.2M","€1 781,00"
"SYMO 10.0M","€1 867,00"
"SYMO 12.5M","€2 100,00"
"SYMO 15.0M","€2 200,00"
"SYMO 17.5M","€2 340,00"
"SYMO 20.0M","€2 430,00"
"ТРИФАЗНІ ІНВЕРТОРИ","за запитом"
"ECO","за запитом"
"ECO 25.0M-L","€2 280,00"
"ECO 25.0M-M","€2 350,00"
"ECO 27.0M-L","€2 300,00"
"ECO 27.0M-M","€2 360,00"
"ТРИФАЗНІ ІНВЕРТОРИ","за запитом"
"SYMO HYBRID","за запитом"
"FRHY30-2","€1 800,00"
"FRHY40-2","€1 992,00"
"FRHY50-2","€2 170,00"
"МЕРЕЖЕВІ ІНВЕРТОРИ ABB","за запитом"
"Однофазні інвертори","за запитом"
"PVI-3.0-TL","€675,00"
"PVI-3.0-TLS","€715,00"
"PVI-3.6-TL","€729,00"
"PVI-3.6-TLS","€845,00"
"PVI-4.2-TL","€870,00"
"PVI-4.2-TLS","€910,00"
"UNO DM-5.0-TL","€960,00"
"UNO DM-5.0-TLS","€1 020,00"
"PVI-6000-TL","€1 115,00"
"PVI-6000-TLS","€1 177,00"
"Трифазні інвертори","за запитом"
"TRIO-5.8-TL","€1 233,00"
"TRIO-5.8-TLS","€1 280,00"
"TRIO-7.5-TL","€1 310,00"
"TRIO-7.5-TLS","€1 440,00"
"TRIO-8.5-TL","€1 420,00"
"TRIO-8.5-TLS","€1 470,00"
"TRIO-10.0-TL","€1 200,00"
"TRIO-10.0-TLS","€1 484,00"
"TRIO-10.0-TLFS","€1 538,00"
"TRIO-12.5-TL","€1 643,00"
"TRIO-12.5-TLS","€1 694,00"
"TRIO-12.5-TLFS","€1 708,00"
"TRIO-20.0-S2","€2 557,00"
"TRIO-20.0-S2F","€2 763,00"
"TRIO-20.0-S2X","€2 900,00"
"TRIO-20.0-S1J","€2 847,00"
"TRIO-20.0-S2J","€2 900,00"
"TRIO-27.0-S2","€3 010,00"
"TRIO-27.0-S2F","€3 120,00"
"TRIO-27.0-S2X","€3 325,00"
"TRIO-27.0-S1J","€3 240,00"
"TRIO-27.0-S2J","€3 307,00"
"TRIO-33.0-TL","€3 060,00"
"TRIO-33.0-TL-S","€3 142,00"
"TRIO-33.0-TL-SX","€3 394,00"
"ТРИФАЗНІ ІНВЕРТОРИ SMA","за запитом"
"SMA STP 5000TL-20","€1 426,00"
"SMA STP 6000TL-20","€1 573,00"
"SMA STP 7000TL-20","€1 696,00"
"SMA STP 8000TL-20","€1 794,00"
"SMA STP 9000TL-20","€1 930,00"
"SMA STP 10000TL-20","€2 040,00"
"SMA STP 12000TL-20","€2 310,00"
"SMA STP 15000TL-30","€2 587,00"
"SMA STP 15000TL-30","€2 700,00"
"SMA STP 20000TL-30","€2 690,00"
"SMA STP 20000TL-30","€2 845,00"
"SMA STP 25000TL-30","€2 725,00"
"SMA STP 25000TL-30","€2 880,00"
"SMA CORE-1 STP 50-40","€5 246,85"
"ОДНОФАЗНІ ІНВЕРТОРИ Solar Edge","за запитом"
"SE4K-RW","€1 120,00"
"SE5K-RW","€1 130,00"
"SE6K-RW","€1 150,00"
"SE7K-RW","€1 240,00"
"ТРИФАЗНІ ІНВЕРТОРИ Solar Edge","за запитом"
"SE4000-EUR3P","€1 110,00"
"SE5000-EUR3P","€1 120,00"
"SE6000-EUR3P","€1 180,00"
"SE7000-EUR","€1 228,00"
"SE8000-EUR","€1 360,00"
"SE9000-EUR","€1 400,00"
"SE10000-EUR","€1 460,00"
"SE12500-EUR","€1 513,00"
"SE15000-EUR","€1 310,00"
"SE16000-EUR","€1 385,00"
"SE17000-EUR","€1 335,00"
"SE27600-N","€1 915,00"
"SE33300-N","€2 110,00"
"SE25000-P","€2 230,00"
"SE27600-P","€2 270,00"
"SE33300-P","€2 470,00"
"SE25000-D","€2 250,00"
"SE27600-D","€2 290,00"
"SE33300-D","€2 490,00"
"ОДНОФАЗНІ ІНВЕРТОРИ Azzurro","за запитом"
"Інвертор  Однофазний 2MPPT (Garanzia 10 Anni) IP 65","за запитом"
"ZS-3000TLDW","3000"
"ZS-3000TLM","€705,00"
"ZS-3000TLMDW","€748,00"
"ZS-3680TLM","€745,00"
"ZS-3680TLMDW","€790,00"
"ZS-4000TLM","€760,00"
"ZS-3680TLMDW","€810,00"
"ZS-4600TLM","€830,00"
"ZS-4600TLMDW","€880,00"
"ZS-5000TLM","€845,00"
"ZS-5000TLMDW","€897,00"
"ZS-6000TLM","€916,00"
"ZS-6000TLMDW","€975,00"
"ТРИФАЗНІ ІНВЕРТОРИ Azzurro","за запитом"
"Трифазний інвертор  2MPPT ( Гарантія 10 років IP 65)","за запитом"
"ZS-10.0TL-S2","€1 377,00"
"ZS-30.0TLDW","€2 250,00"
"ZS-40.0TL-S3","€2 742,00"
"ZS-40.0TL-S4","€2 871,00"
"ZS-40.0TL-S5","€2 959,00"
"ZS-50.0TL-S3","€3 375,00"
"ZS-50.0TL-S4","€3 419,00"
"ZS-50.0TL-S5","€3 653,00"
"АКБ LiFePO4","за запитом"
"Ecosolex","за запитом"
"660 дол","660 дол"
"Deye, LV (Низьквольтові, LiFePO4)","за запитом"
"760 гот / 930 з ПДВ","760 $"
"750 гот / 920 з ПДВ","750 $"
"$2 300,00","$2 300,00"
"$1 450,00","$1 450,00"
"$1 760,00","$1 760,00"
"Deye, HV (Високовольтні, LiFePO4)","за запитом"
"$660,00","$660,00"
"$850,00","$850,00"
"750 гот / 920 з ПДВ","750 $"
"750 гот / 920 з ПДВ","750 $"
"760 гот / 900 з ПДВ","760 $"
"$1 260,00","$1 260,00"
"$1 120,00","$1 120,00"
"24500 гот / 29500 з ПДВ","24500 $"
"26800 гот / 32200  з ПДВ","26800 $"
"1780/2160 з ПДВ","1780/2160 з ПДВ"
"1150/1 700 з ПДВ","1150/1 700 з ПДВ"
"650/800 з ПДВ","650/800 з ПДВ"
"$320,00","$320,00"
"340/410 з ПДВ","340/410 з ПДВ"
"Акб Dyness (LiFePO4), гарантія 5 років","за запитом"
"$780,00","$780,00"
"$380,00","$380,00"
"$950,00","$950,00"
"Pylontech, LV (низьковольтові), гарантія 10 роки (LiFePO4)","за запитом"
"$600,00","$600,00"
"$950,00","$950,00"
"$950,00","$950,00"
"$960,00","$960,00"
"$4 200,00","$4 200,00"
"$800,00","$800,00"
"$1 200,00","$1 200,00"
"Pylontech, HV (високовольтові), гарантія 10 роки (LiFePO4)","за запитом"
"BMS контролер акумулятора Pylontech FORCE H1","за запитом"
"Акумуляторний модуль Pylontech Force H1","3,55 кВт"
"$1 670,00","$1 670,00"
"$990,00","$990,00"
"$870,00","$870,00"
"$1 316,00","$1 316,00"
"$6 100,00","$6 100,00"
"MBMS1000","за запитом"
"Pylontech, аксесуари","за запитом"
"$62,00","$62,00"
"$65,00","$65,00"
"$40,00","$40,00"
"Axioma, гарантія 3 роки (LiFePO4)","за запитом"
"$260,00","$260,00"
"$480,00","$480,00"
"Axioma AX-LFP-50/51.2","50"
"$650,00","$650,00"
"Anenji гарантія 5 років (LiFePO4) 12 В","за запитом"
"$400,00","$400,00"
"LogicPower гарантія 5 років (LiFePO4) 12 В","за запитом"
"$292,67","$292,67"
"$420,00","$420,00"
"$590,00","$590,00"
"$828,40","$828,40"
"$1 061,00","$1 061,00"
"Syl Battery, гарантія 7 років (LiFePO4)","за запитом"
"$780,00","$780,00"
"Solax, гарантія 10 років (Li-on)","за запитом"
"$1 600,00","$1 600,00"
"$1 400,00","$1 400,00"
"$900,00","$900,00"
"$620,00","$620,00"
"LogicPower, гарантія 2 роки (AGM)","за запитом"
"$46,87","$46,87"
"$52,20","$52,20"
"$64,97","$64,97"
"$94,72","$94,72"
"$89,00","$89,00"
"$123,71","$123,71"
"$131,40","$131,40"
"$135,00","$135,00"
"$154,86","$154,86"
"$190,00","$190,00"
"$230,00","$230,00"
"$285,00","$285,00"
"$335,53","$335,53"
"$405,84","$405,84"
"LogicPower, гарантія 2 роки (GEL)","за запитом"
"$56,30","$56,30"
"$103,55","$103,55"
"$109,80","$109,80"
"$176,30","$176,30"
"$171,00","$171,00"
"$200,00","$200,00"
"$230,40","$230,40"
"$273,60","$273,60"
"$390,00","$390,00"
"$560,00","$560,00"
"Toyama, гарантія 1 рік (GEL)","за запитом"
"$120,00","$120,00"
"$130,00","$130,00"
"$175,00","$175,00"
"$210,00","$210,00"
"$300,00","$300,00"
"$330,00","$330,00"
"$540,00","$540,00"
